{"name":"Greetings","identifier":"NCLGEN0XFF","description":"Intent para saudação","parentIntentSignature":null,"sampleUtterances":[{"utterance":"Olá"},{"utterance":"Oi"},{"utterance":"Oi, tudo bem?"},{"utterance":"Olá, tudo bem?"},{"utterance":"Bom dia"},{"utterance":"Boa tarde"},{"utterance":"Boa noite"},{"utterance":"Saudações"},{"utterance":"Alô"},{"utterance":"Opa"},{"utterance":"Olá, como vai?"},{"utterance":"Oi, como vai?"},{"utterance":"Oi, tudo bom?"},{"utterance":"Olá, tudo certo?"},{"utterance":"ola"}],"intentConfirmationSetting":null,"intentClosingSetting":null,"initialResponseSetting":{"conditional":null,"codeHook":{"isActive":true,"invocationLabel":null,"postCodeHookSpecification":{"failureResponse":null,"failureNextStep":{"sessionAttributes":null,"dialogAction":{"type":"EndConversation","slotToElicit":null,"suppressNextMessage":null},"intent":{"name":null,"slots":null}},"failureConditional":null,"successResponse":null,"successNextStep":{"sessionAttributes":null,"dialogAction":{"type":"EndConversation","slotToElicit":null,"suppressNextMessage":null},"intent":{"name":null,"slots":null}},"successConditional":null,"timeoutResponse":null,"timeoutNextStep":{"sessionAttributes":null,"dialogAction":{"type":"EndConversation","slotToElicit":null,"suppressNextMessage":null},"intent":{"name":null,"slots":null}},"timeoutConditional":null},"enableCodeHookInvocation":true},"nextStep":{"sessionAttributes":null,"dialogAction":{"type":"InvokeDialogCodeHook","slotToElicit":null,"suppressNextMessage":null},"intent":{"name":null,"slots":null}},"initialResponse":{"messageGroupsList":[{"message":{"ssmlMessage":null,"customPayload":null,"plainTextMessage":{"value":"Olá! Eu sou um chat bot da AcolhePet 🐾 e estou aqui para te ajudar a encontrar o seu novo amigo de quatro patas ou fornecer informações sobre como você pode ajudar. Como posso assisti-lo(a) hoje? Também tenho um menu de acessibilidade, caso queira vê-lo, só precisa me informar!"},"imageResponseCard":null},"variations":[{"ssmlMessage":null,"customPayload":null,"plainTextMessage":{"value":"Olá! Eu sou o chat bot da AcolhePet 🐶🐱. Estou aqui para ajudar você a encontrar um novo companheiro peludo ou para fornecer informações sobre como apoiar nossa causa. Como posso te ajudar hoje? Também possuo opções de acessibilidade, caso queira vê-las, só precisa me dizer!"},"imageResponseCard":null},{"ssmlMessage":null,"customPayload":null,"plainTextMessage":{"value":"Oi! Sou o chat bot da AcolhePet e estou aqui para tornar seu dia melhor ajudando você a adotar um animalzinho ou a descobrir como pode contribuir. Em que posso te ajudar hoje? 🐾 Também possuo opções de acessibilidade, caso queira vê-las, só precisa me dizer!"},"imageResponseCard":null}]},{"message":{"ssmlMessage":null,"customPayload":null,"plainTextMessage":null,"imageResponseCard":{"title":"Menu principal","subtitle":"Selecione abaixo qual opção você deseja 👇👇","imageUrl":null,"buttonsList":[{"value":"Desejo adotar um pet!","text":"Adotar um Pet 🐶😸"},{"value":"Desejo fazer uma doação!","text":"Fazer uma doação 🤝"},{"value":"Quero contribuir como voluntário","text":"Voluntariar-se 🙋‍♂️🙋‍♀️"},{"value":"Desejo informações sobre a ONG","text":"Informações sobre a ONG "},{"value":"Quais os serviços prestrados pela ONG?","text":"Serviços"}]}},"variations":null},{"message":{"ssmlMessage":null,"customPayload":null,"plainTextMessage":null,"imageResponseCard":{"title":"Acessibilidade","subtitle":null,"imageUrl":null,"buttonsList":[{"value":"Acessibilidade","text":"Texto para áudio"}]}},"variations":null}],"allowInterrupt":true}},"inputContexts":null,"outputContexts":null,"kendraConfiguration":null,"qnAIntentConfiguration":null,"bedrockAgentIntentConfiguration":null,"dialogCodeHook":{"enabled":false},"fulfillmentCodeHook":null,"slotPriorities":[]}