{"name":"AccessibilityIntent","identifier":"PVBXWSGGTZ","description":"Intent destinada a seleção de opções de acessibilidade","parentIntentSignature":null,"sampleUtterances":[{"utterance":"Ativar respostas em áudio"},{"utterance":"Envie a resposta em formato de áudio"},{"utterance":"Quero ouvir as respostas em vez de ler"},{"utterance":"Tem como você falar em vez de escrever?"},{"utterance":"Envie a resposta em formato de texto"},{"utterance":"Pode me enviar a resposta em áudio?"},{"utterance":"Quero ver as opções de acessibilidade"},{"utterance":"Ativar respostas em texto"},{"utterance":"Quero que as respostas sejam faladas em vez de escritas"},{"utterance":"Quero que as respostas sejam escritas em vez de faladas"},{"utterance":"Pode me enviar a resposta em texto?"},{"utterance":"Responda em áudio"},{"utterance":"Responda em texto"},{"utterance":"Quero ler as mensagens"},{"utterance":"Quero ouvir as mensagens"},{"utterance":"Acessibilidade "},{"utterance":"Opção de acessibilidade"}],"intentConfirmationSetting":null,"intentClosingSetting":null,"initialResponseSetting":{"conditional":null,"codeHook":{"isActive":true,"invocationLabel":null,"postCodeHookSpecification":{"failureResponse":null,"failureNextStep":{"sessionAttributes":null,"dialogAction":{"type":"EndConversation","slotToElicit":null,"suppressNextMessage":null},"intent":{"name":null,"slots":null}},"failureConditional":null,"successResponse":null,"successNextStep":{"sessionAttributes":null,"dialogAction":{"type":"ElicitSlot","slotToElicit":"TipoMensagem","suppressNextMessage":null},"intent":{"name":null,"slots":null}},"successConditional":null,"timeoutResponse":null,"timeoutNextStep":{"sessionAttributes":null,"dialogAction":{"type":"EndConversation","slotToElicit":null,"suppressNextMessage":null},"intent":{"name":null,"slots":null}},"timeoutConditional":null},"enableCodeHookInvocation":true},"nextStep":{"sessionAttributes":null,"dialogAction":{"type":"InvokeDialogCodeHook","slotToElicit":null,"suppressNextMessage":null},"intent":{"name":null,"slots":null}},"initialResponse":{"messageGroupsList":[{"message":{"ssmlMessage":null,"customPayload":null,"plainTextMessage":{"value":"Ok! Através desse menu você pode selecionar o modo de envio de mensagens do bot, as opções disponíveis são áudio e texto. "},"imageResponseCard":null},"variations":null}],"allowInterrupt":true}},"inputContexts":null,"outputContexts":null,"kendraConfiguration":null,"qnAIntentConfiguration":null,"bedrockAgentIntentConfiguration":null,"dialogCodeHook":null,"fulfillmentCodeHook":null,"slotPriorities":[{"priority":1,"slotName":"TipoMensagem"}]}