{"name":"TipoAjuda","identifier":"IQ4LBDKGHR","description":"Slot destinado ao tipo de ajuda que a ONG precisa","slotTypeName":"HelpType","obfuscationSetting":null,"valueElicitationSetting":{"slotCaptureSetting":{"codeHook":null,"captureResponse":null,"captureNextStep":{"sessionAttributes":null,"dialogAction":{"type":"EvaluateConditional","slotToElicit":null,"suppressNextMessage":null},"intent":{"name":null,"slots":null}},"captureConditional":{"isActive":true,"conditionalBranches":[{"name":"Branch1","response":{"messageGroupsList":[{"message":{"ssmlMessage":null,"customPayload":null,"plainTextMessage":{"value":"Que maravilha! Agradecemos muito a sua disposição em ajudar com a limpeza das casinhas dos nossos amiguinhos. 😊 Sua ajuda é fundamental para manter o ambiente deles limpo e confortável. "},"imageResponseCard":null},"variations":[{"ssmlMessage":null,"customPayload":null,"plainTextMessage":{"value":"Isso é fantástico! Ficamos muito felizes com a sua vontade de ajudar com a limpeza das casinhas dos nossos queridos pets. 😊 A sua ajuda vai fazer toda a diferença para eles."},"imageResponseCard":null},{"ssmlMessage":null,"customPayload":null,"plainTextMessage":{"value":"Que notícia maravilhosa! Agradecemos muito por querer ajudar com a limpeza das casinhas dos nossos bichinhos. 😊 Eles vão adorar o carinho e cuidado."},"imageResponseCard":null}]}],"allowInterrupt":true},"condition":{"expressionString":"{TipoAjuda} = \"Limpeza das casinhas \""},"nextStep":{"sessionAttributes":null,"dialogAction":{"type":"ElicitSlot","slotToElicit":"VolunterName","suppressNextMessage":null},"intent":{"name":null,"slots":null}}},{"name":"Branch2","response":{"messageGroupsList":[{"message":{"ssmlMessage":null,"customPayload":null,"plainTextMessage":{"value":"Que incrível! Os nossos pets vão adorar ter alguém para brincar com eles. 😊 Sua ajuda vai trazer muita alegria para eles."},"imageResponseCard":null},"variations":[{"ssmlMessage":null,"customPayload":null,"plainTextMessage":{"value":"Maravilha! Brincar com os pets é uma ótima maneira de melhorar o bem-estar deles e eles vão adorar a sua companhia."},"imageResponseCard":null},{"ssmlMessage":null,"customPayload":null,"plainTextMessage":{"value":"Isso é maravilhoso! Nossos pets vão adorar ter você por perto para brincar e se divertir. 😊 Sua presença vai fazer toda a diferença para eles."},"imageResponseCard":null}]}],"allowInterrupt":true},"condition":{"expressionString":"{TipoAjuda} = \"Brincar com os pets\" "},"nextStep":{"sessionAttributes":null,"dialogAction":{"type":"ElicitSlot","slotToElicit":"VolunterName","suppressNextMessage":null},"intent":{"name":null,"slots":null}}},{"name":"Branch3","response":{"messageGroupsList":[{"message":{"ssmlMessage":null,"customPayload":null,"plainTextMessage":{"value":"Que notícia fantástica! Nossos pets vão adorar sair para passear com você. 😊 Sua ajuda é muito valiosa para eles."},"imageResponseCard":null},"variations":[{"ssmlMessage":null,"customPayload":null,"plainTextMessage":{"value":"Maravilhoso! Passear com os pets é uma ótima maneira de mantê-los ativos e felizes. 😊 Eles vão adorar ter você como companhia."},"imageResponseCard":null},{"ssmlMessage":null,"customPayload":null,"plainTextMessage":{"value":"Que ótimo! Os nossos pets vão ficar muito felizes em passear com você. 😊 Sua ajuda vai fazer uma grande diferença para eles. "},"imageResponseCard":null}]}],"allowInterrupt":true},"condition":{"expressionString":"{TipoAjuda} = \"Passear com os pets\""},"nextStep":{"sessionAttributes":null,"dialogAction":{"type":"ElicitSlot","slotToElicit":"VolunterName","suppressNextMessage":null},"intent":{"name":null,"slots":null}}}],"defaultBranch":{"response":null,"nextStep":{"sessionAttributes":null,"dialogAction":{"type":"ElicitSlot","slotToElicit":"VolunterName","suppressNextMessage":null},"intent":{"name":null,"slots":null}}}},"failureResponse":{"messageGroupsList":[{"message":{"ssmlMessage":null,"customPayload":null,"plainTextMessage":{"value":"Estou com dificuldade para entender você!"},"imageResponseCard":null},"variations":null}],"allowInterrupt":true},"failureNextStep":{"sessionAttributes":null,"dialogAction":{"type":"StartIntent","slotToElicit":null,"suppressNextMessage":null},"intent":{"name":"FallbackIntent","slots":null}},"failureConditional":null,"elicitationCodeHook":{"invocationLabel":null,"enableCodeHookInvocation":true}},"slotConstraint":"Required","promptSpecification":{"messageGroupsList":[{"message":{"ssmlMessage":null,"customPayload":null,"plainTextMessage":{"value":"Qualquer ajuda é bem vinda, mas temos alguns serviços essenciais que você pode fazer pela gente 😁 "},"imageResponseCard":null},"variations":null},{"message":{"ssmlMessage":null,"customPayload":null,"plainTextMessage":null,"imageResponseCard":{"title":"Menu de serviços essenciais ","subtitle":"Selecione abaixo o serviço para qual você deseja se voluntariar 👇👇","imageUrl":null,"buttonsList":[{"value":"Limpeza das casinhas","text":"Limpeza das casinhas"},{"value":"Desejo brincar com os pets","text":"Brincar com os pets"},{"value":"Desejo passear com os pets","text":"Passear com os pets"}]}},"variations":null}],"maxRetries":4,"messageSelectionStrategy":"Random","allowInterrupt":true,"promptAttemptsSpecification":{"Initial":{"textInputSpecification":{"startTimeoutMs":30000},"allowedInputTypes":{"allowAudioInput":true,"allowDTMFInput":true},"audioAndDTMFInputSpecification":{"startTimeoutMs":4000,"audioSpecification":{"endTimeoutMs":640,"maxLengthMs":15000},"dtmfSpecification":{"maxLength":513,"endTimeoutMs":5000,"deletionCharacter":"*","endCharacter":"#"}},"allowInterrupt":true},"Retry3":{"textInputSpecification":{"startTimeoutMs":30000},"allowedInputTypes":{"allowAudioInput":true,"allowDTMFInput":true},"audioAndDTMFInputSpecification":{"startTimeoutMs":4000,"audioSpecification":{"endTimeoutMs":640,"maxLengthMs":15000},"dtmfSpecification":{"maxLength":513,"endTimeoutMs":5000,"deletionCharacter":"*","endCharacter":"#"}},"allowInterrupt":true},"Retry4":{"textInputSpecification":{"startTimeoutMs":30000},"allowedInputTypes":{"allowAudioInput":true,"allowDTMFInput":true},"audioAndDTMFInputSpecification":{"startTimeoutMs":4000,"audioSpecification":{"endTimeoutMs":640,"maxLengthMs":15000},"dtmfSpecification":{"maxLength":513,"endTimeoutMs":5000,"deletionCharacter":"*","endCharacter":"#"}},"allowInterrupt":true},"Retry2":{"textInputSpecification":{"startTimeoutMs":30000},"allowedInputTypes":{"allowAudioInput":true,"allowDTMFInput":true},"audioAndDTMFInputSpecification":{"startTimeoutMs":4000,"audioSpecification":{"endTimeoutMs":640,"maxLengthMs":15000},"dtmfSpecification":{"maxLength":513,"endTimeoutMs":5000,"deletionCharacter":"*","endCharacter":"#"}},"allowInterrupt":true},"Retry1":{"textInputSpecification":{"startTimeoutMs":30000},"allowedInputTypes":{"allowAudioInput":true,"allowDTMFInput":true},"audioAndDTMFInputSpecification":{"startTimeoutMs":4000,"audioSpecification":{"endTimeoutMs":640,"maxLengthMs":15000},"dtmfSpecification":{"maxLength":513,"endTimeoutMs":5000,"deletionCharacter":"*","endCharacter":"#"}},"allowInterrupt":true}}},"defaultValueSpecification":null,"sampleUtterances":null,"waitAndContinueSpecification":null},"multipleValuesSetting":null}