{"name":"OngServices","identifier":"FF0AYQJF8B","description":"Intent destinada aos serviços prestados pela ONG","parentIntentSignature":null,"sampleUtterances":[{"utterance":"Quais serviços a ONG oferece?"},{"utterance":"Que tipos de ajuda a ONG presta?"},{"utterance":"Quais são os serviços principais da ONG?"},{"utterance":"Que serviços estão disponíveis na ONG?"},{"utterance":"Pode me contar mais sobre os serviços da ONG?"},{"utterance":"Quais projetos a ONG está realizando atualmente?"},{"utterance":"A ONG oferece serviços de resgate de animais?"},{"utterance":"Que tipo de assistência a ONG oferece para animais abandonados?"},{"utterance":"Como a ONG apoia o bem-estar animal?"},{"utterance":"Quais serviços educacionais a ONG oferece?"},{"utterance":"Como a ONG apoia animais em situação de risco?"},{"utterance":"Quais são os serviços de acolhimento da ONG?"},{"utterance":"Serviço de resgate"},{"utterance":"Quero dicas sobre pets"},{"utterance":"Resgate"},{"utterance":"Dicas"},{"utterance":"Serviço"},{"utterance":"Quais os serviços prestrados pela ONG?"}],"intentConfirmationSetting":null,"intentClosingSetting":null,"initialResponseSetting":{"conditional":null,"codeHook":{"isActive":true,"invocationLabel":null,"postCodeHookSpecification":{"failureResponse":null,"failureNextStep":{"sessionAttributes":null,"dialogAction":{"type":"EndConversation","slotToElicit":null,"suppressNextMessage":null},"intent":{"name":null,"slots":null}},"failureConditional":null,"successResponse":null,"successNextStep":{"sessionAttributes":null,"dialogAction":{"type":"ElicitSlot","slotToElicit":"TipoServico","suppressNextMessage":null},"intent":{"name":null,"slots":null}},"successConditional":null,"timeoutResponse":null,"timeoutNextStep":{"sessionAttributes":null,"dialogAction":{"type":"EndConversation","slotToElicit":null,"suppressNextMessage":null},"intent":{"name":null,"slots":null}},"timeoutConditional":null},"enableCodeHookInvocation":true},"nextStep":{"sessionAttributes":null,"dialogAction":{"type":"InvokeDialogCodeHook","slotToElicit":null,"suppressNextMessage":null},"intent":{"name":null,"slots":null}},"initialResponse":{"messageGroupsList":[{"message":{"ssmlMessage":null,"customPayload":null,"plainTextMessage":{"value":"Nossa ONG oferece serviços de resgate animal e também fornece dicas sobre cuidados com seu pet, utilizando nossas ferramentas de inteligência artificial. Como posso ajudá-lo com essas informações?"},"imageResponseCard":null},"variations":null}],"allowInterrupt":true}},"inputContexts":null,"outputContexts":null,"kendraConfiguration":null,"qnAIntentConfiguration":null,"bedrockAgentIntentConfiguration":null,"dialogCodeHook":null,"fulfillmentCodeHook":null,"slotPriorities":[{"priority":1,"slotName":"TipoServico"}]}